watched,title,url
True,神女/ The Goddess,https://movie.douban.com/subject/1302210/
True,"周处除三害 / 周處除三害/ The Pig, the Snake, and the Pigeon",https://movie.douban.com/subject/36151692/
True,飞砂风中转 / 飛砂風中轉/ 飞沙风中转 / Once a Gangster,https://movie.douban.com/subject/4723944/
True,堕落天使 / 墮落天使/ Fallen Angels,https://movie.douban.com/subject/1298112/
True,瞒天过海：美人计 / Ocean's Eight/ 女版十一罗汉 / 瞒天过海：八面玲珑(台),https://movie.douban.com/subject/26654269/
True,魔发奇缘 / Tangled/ 长发公主 / 长发姑娘,https://movie.douban.com/subject/1863766/
True,魔发奇缘番外篇：麻烦不断 / Tangled Ever After/ 长发公主番外篇：麻烦不断 / 魔发奇缘：大喜之日(港),https://movie.douban.com/subject/6799159/
True,蕾蒙娜和姐姐 / Ramona and Beezus/ 蕾梦娜和碧祖丝 / Ramona,https://movie.douban.com/subject/3071517/
True,跟踪 / 跟蹤/ Eye in the Sky,https://movie.douban.com/subject/1947114/
True,牛仔裤的夏天 / The Sisterhood of the Traveling Pants/ 牛仔裤的姐妹情谊 / 牛仔裤的夏天,https://movie.douban.com/subject/1309203/
True,超级学校霸王 / 超級學校霸王/ 超级街头霸王 / Future Cops,https://movie.douban.com/subject/1305582/
True,幽灵世界 / Ghost World/ 黐孖妹 / 青春迷魂阵,https://movie.douban.com/subject/1304868/
True,独立时代 / 獨立時代/ A Confucian Confusion,https://movie.douban.com/subject/1304476/
True,听说 / 聽說/ Hear Me,https://movie.douban.com/subject/3824672/
True,一一/ Yi yi / Yi yi: A One and a Two,https://movie.douban.com/subject/1292434/
True,风柜来的人 / 風櫃來的人/ The Boys From Fengkuei / All the Youthful Days,https://movie.douban.com/subject/1299436/
True,三峡好人/ 长江哀歌 / Still Life,https://movie.douban.com/subject/1872133/
True,天水围的日与夜 / 天水圍的日與夜/ The Way We Are,https://movie.douban.com/subject/3077668/
True,旺角黑夜/ One Nite in Mongkok,https://movie.douban.com/subject/1366853/
True,蛮荒的童话 / 蠻荒的童話/ 战地情缘 / In the Lap of God,https://movie.douban.com/subject/1298895/
True,古惑仔3之只手遮天 / 古惑仔3之隻手遮天/ Young and Dangerous 3,https://movie.douban.com/subject/1301283/
True,天使的烦恼 / The Trouble with Angels/ 天使的烦恼,https://movie.douban.com/subject/3004039/
True,不能说的秘密 / 不能說的·祕密/ Secret,https://movie.douban.com/subject/2124724/
True,处女之死 / The Virgin Suicides/ 锁不住的青春(港) / 死亡日记(台),https://movie.douban.com/subject/1297894/
True,股疯/ Shanghai Fever,https://movie.douban.com/subject/1299441/
True,我和春天有个约会/ I Have A Date With Spring / 我和春天有个约会电影版,https://movie.douban.com/subject/1304244/
True,下一站…天后/ 下一站天后 / Gwong yat cham... Tin Hau,https://movie.douban.com/subject/1299649/
True,每当变幻时/ 每當變幻時 / Hooked On You,https://movie.douban.com/subject/2070367/
True,神经侠侣 / 神經俠侶/ Crazy n' the City,https://movie.douban.com/subject/1309297/
True,梦之歌 / 너와 나/ The Dream Songs,https://movie.douban.com/subject/36088979/
True,蓝色大门 / 藍色大門/ 蓝色夏恋 / Blue Gate Crossing,https://movie.douban.com/subject/1308575/
True,釜山行 / 부산행/ 尸杀列车(港) / 尸速列车(台),https://movie.douban.com/subject/25986180/
True,日日是好日/ 每天都是好日子 / 天天是个好日子,https://movie.douban.com/subject/27185563/
True,窃听风云3/ Overheard 3,https://movie.douban.com/subject/10726941/
True,千机变 / 千機變/ The Twins Effect / Vampire Effect,https://movie.douban.com/subject/1307740/
True,大富之家/ It's a Wonderful Life / Daai foo ji ga,https://movie.douban.com/subject/1296897/
True,夏日么么茶 / 夏日的麼麼茶/ 夏日的么么茶 / Summer Holiday,https://movie.douban.com/subject/1297291/
True,顺流逆流 / 順流逆流/ Time and Tide,https://movie.douban.com/subject/1308035/
True,流氓医生 / 流氓醫生/ Mack the Knife / Doctor Mack,https://movie.douban.com/subject/1358421/
True,童年往事/ The Time to Live and the Time to Die / A Time to Live and a Time to Die,https://movie.douban.com/subject/1300572/
True,千禧曼波/ 千禧曼波之蔷薇的名字 / Millennium Mambo,https://movie.douban.com/subject/1873535/
True,征婚启事 / 徵婚啟事/ The Personals,https://movie.douban.com/subject/1307514/
True,渔港的肉子酱 / 漁港の肉子ちゃん/ 渔港的肉子 / Fortune Favors Lady Nikuko,https://movie.douban.com/subject/35307624/
True,恋恋风尘 / 戀戀風塵/ Dust in the Wind,https://movie.douban.com/subject/1292330/
True,都市情缘/ Love & The City / 叛逆小子,https://movie.douban.com/subject/1303638/
True,我们的一天 / 우리의 하루/ In Our Day / 好好过日辰(港),https://movie.douban.com/subject/36367120/
True,未来的回忆 / 未来の想い出/ 未来的记忆 / Last Christmas,https://movie.douban.com/subject/1449896/
True,八月照相馆 / 8월의 크리스마스/ 八月圣诞节 / Christmas in August,https://movie.douban.com/subject/1306471/
True,虎度门 / 虎度門/ Hu-Du-Men / Stage Door,https://movie.douban.com/subject/1316525/
True,天生一对 / The Parent Trap/ 亲亲两颗心(港) / 双喜临门,https://movie.douban.com/subject/1297102/
True,给桃子的信 / ももへの手紙/ 给小桃的信(台) / 小桃の奇幻手纸(港),https://movie.douban.com/subject/6010171/
True,手卷烟 / 手捲煙/ Winston / Hand Rolled Cigarette,https://movie.douban.com/subject/30159568/
True,托斯卡纳艳阳下 / Under the Tuscan Sun/ 托斯卡尼艳阳下(台) / 好想有嫁期(港),https://movie.douban.com/subject/1307052/
True,赌侠2：上海滩赌圣 / 賭俠II上海灘賭聖/ 赌侠2之上海滩赌圣 / God of Gamblers Part III: Back to Shanghai,https://movie.douban.com/subject/1302977/
True,赌侠 / 賭俠/ God of Gamblers II,https://movie.douban.com/subject/1300566/
True,致允熙 / 윤희에게/ 满月 / Moonlit Winter,https://movie.douban.com/subject/30488003/
True,最爱女人购物狂 / 最愛女人購物狂/ 天生购物狂 / The Shopaholics,https://movie.douban.com/subject/1464338/
True,下一个素熙 / 다음 소희/ 阴影下的她(台) / Next Sohee,https://movie.douban.com/subject/35739931/
True,刀/ 断刀客 / The Blade,https://movie.douban.com/subject/1401962/
True,一个字头的诞生 / 一個字頭的誕生/ Too Many Ways to Be No. 1,https://movie.douban.com/subject/1307372/
True,首尔之春 / 서울의 봄/ 12.12：首尔之春(台) / 12.12: The Day,https://movie.douban.com/subject/35712804/
True,琳达想吃鸡肉！ / Linda veut du poulet !/ Chicken for Linda!,https://movie.douban.com/subject/35432330/
True,毒战 / 毒戰/ 破冰 / Drug War,https://movie.douban.com/subject/10344754/
True,悲情城市/ A City of Sadness / A Cidade da Dor,https://movie.douban.com/subject/1294194/
True,寒战2 / 寒戰II/ 寒战II / Cold War Ⅱ,https://movie.douban.com/subject/20505982/
True,寒战 / 寒戰/ Cold War / Cold War 香港警察 两种正义(日),https://movie.douban.com/subject/6890730/
True,目露凶光/ The Victim / Victim,https://movie.douban.com/subject/1305843/
True,太极张三丰 / 太極張三豐/ The Tai-chi Master / Twin Warriors,https://movie.douban.com/subject/1294561/
True,监狱风云 / 監獄風雲/ Prison on Fire,https://movie.douban.com/subject/1293422/
True,南山的部长们 / 남산의 부장들/ The Man Standing Next,https://movie.douban.com/subject/30241298/
True,黑狱断肠歌之砌生猪肉 / 黑獄斷腸歌之砌生豬肉/ Chinese Midnight Express,https://movie.douban.com/subject/1394466/
True,香港制造 / 香港製造/ Made in Hong Kong,https://movie.douban.com/subject/1292396/
True,十面埋伏/ House of Flying Daggers / Lovers,https://movie.douban.com/subject/1308722/
True,龙在边缘 / 龍在邊緣/ Century of the Dragon,https://movie.douban.com/subject/1303983/
True,跛豪/ To Be Number One,https://movie.douban.com/subject/1296272/
True,杀破狼2 / 殺破狼2/ 杀破狼2之杀无赦 / SPL 2: A Time For Consequences,https://movie.douban.com/subject/23788440/
True,杀破狼 / 殺破狼/ SPL / Kill Zone,https://movie.douban.com/subject/1428602/
True,天下无双/ Chinese Odyssey 2002,https://movie.douban.com/subject/1307323/
True,百年好合/ Love for All Seasons,https://movie.douban.com/subject/1304282/
True,冲锋车 / 衝鋒車/ Two Thumbs Up,https://movie.douban.com/subject/25811357/
True,九龙城寨之围城 / 九龍城寨·圍城/ 九龙城寨 / Twilight of the Warriors: Walled In,https://movie.douban.com/subject/24284175/
True,小鹿斑比 / Bambi/ Walt Disney's Bambi,https://movie.douban.com/subject/1295148/
True,大醉侠 / 大醉俠/ Come Drink with Me / 醉侠,https://movie.douban.com/subject/1301946/
True,真实的谎言 / True Lies/ 真实谎言(港) / 魔鬼大帝：真实的谎言(台),https://movie.douban.com/subject/1292553/
True,极度深寒 / Deep Rising/ 怪从深海来 / 深海拦截：大海怪,https://movie.douban.com/subject/1293515/
True,虎胆龙威 / Die Hard/ 终极警探(台),https://movie.douban.com/subject/1292697/
True,小姐与流浪汉 / Lady and the Tramp/ 小姐与流氓,https://movie.douban.com/subject/1300075/
True,童一个世界 / Un monde/ 下课后的秘密(台) / 儿童欺戏乐园(港),https://movie.douban.com/subject/35452679/
True,年会不能停！/ Johnny Keep Walking!,https://movie.douban.com/subject/35725869/
True,冰雪奇缘2 / Frozen II/ 魔雪奇缘2(港) / Frozen 2,https://movie.douban.com/subject/25887288/
True,冰雪奇缘 / Frozen/ 魔雪奇缘(港) / 冰雪大冒险,https://movie.douban.com/subject/4202982/
True,海洋之歌 / Song of the Sea/ 海洋幻想曲(台) / Le Chant de la Mer,https://movie.douban.com/subject/11584019/
True,大力女子都奉顺 / 힘쎈여자 도봉순/ Him-ssen Yeo-ja Do Bong-soon / Strong Woman Do Bong-soon,https://movie.douban.com/subject/26815054/
True,请回答1988 / 응답하라 1988/ 回应吧1988 / Reply 1988,https://movie.douban.com/subject/26302614/
True,D.P：逃兵追缉令 第二季 / 디.피. 시즌2/ D.P 개의 날 / D.P. 2,https://movie.douban.com/subject/35634067/
True,命案/ 重案 / Fatal Fate,https://movie.douban.com/subject/35524438/
True,假面女郎 / 마스크걸/ Mask Girl / 面具女孩,https://movie.douban.com/subject/35681326/
True,体能之巅：百人大挑战 / 피지컬: 100/ Physical: 100 / 体能：100,https://movie.douban.com/subject/36105109/
True,盟约 / The Covenant/ 译战同盟(港) / 绝地营救(台),https://movie.douban.com/subject/35722688/
True,疯狂星期一 / MONDAYS／このタイムループ、上司に気づかせないと終わらない/ 明天星期一(台) / MONDAYS / 如果不让上司注意到这个时间循环就无法结束,https://movie.douban.com/subject/36008597/
True,海妖的呼唤：火之岛生存战 / 사이렌: 불의 섬/ Siren: Survive the Island,https://movie.douban.com/subject/36424353/
True,惊变28天 / 28 Days Later.../ 28天毁灭倒数(台) / 28日后(港),https://movie.douban.com/subject/1306421/
True,悲情三角 / Triangle of Sadness/ 无限悲情 / 疯狂富作用(台),https://movie.douban.com/subject/27066152/
True,非常嫌疑犯 / The Usual Suspects/ 刺激惊爆点(台) / 普通嫌疑犯,https://movie.douban.com/subject/1292214/
True,金玉满堂 / 金玉滿堂/ 满汉全席 / The Chinese Feast,https://movie.douban.com/subject/1295374/
True,养家之人 / The Breadwinner/ 持家小木兰(港) / 战火下的小花(台),https://movie.douban.com/subject/26346327/
True,我们的世界 / 우리들/ 女孩青春纪事(台) / 我们,https://movie.douban.com/subject/26616436/
True,超级马力欧兄弟大电影 / The Super Mario Bros. Movie/ 超级马里奥兄弟 / 超级玛利欧兄弟电影版(台),https://movie.douban.com/subject/27199894/
True,龙与地下城：侠盗荣耀 / Dungeons & Dragons: Honor Among Thieves/ 龙与地下城：盗贼荣耀(台) / 龙与地下城：盗亦有道(港),https://movie.douban.com/subject/26584673/
True,独角兽战争 / Unicorn Wars/ 熊霸天下(台),https://movie.douban.com/subject/35109889/
True,勇敢传说 / Brave/ 勇敢传说之幻险森林(港) / 勇敢,https://movie.douban.com/subject/3036473/
True,小熊维尼：寻找克里斯多夫罗宾 / Pooh's Grand Adventure: The Search for Christopher Robin/ 小熊维尼:寻找克里斯多夫罗宾,https://movie.douban.com/subject/1300694/
True,小黄人大眼萌 / Minions/ 小黄人 / 迷你兵团(港),https://movie.douban.com/subject/11624706/
True,小黄人大眼萌：神偷奶爸前传 / Minions: The Rise of Gru/ 小黄人大眼萌2：格鲁的崛起 / 小黄人2：格鲁的崛起,https://movie.douban.com/subject/26642033/
True,小妈妈 / Petite maman/ 童心奇缘 / 亲爱的童伴(台),https://movie.douban.com/subject/35225859/
True,"亲爱的爱丽丝 / Alice, Darling",https://movie.douban.com/subject/35522142/
True,战栗黑洞 / In the Mouth of Madness/ 完全魔鬼手册 / 落入虎口,https://movie.douban.com/subject/1303460/
True,小说家的电影 / 소설가의 영화/ 女作家的电影(港) / 小说家电影(台),https://movie.douban.com/subject/35743103/
True,那年夏天，宁静的海 / あの夏、いちばん静かな海。/ 那年夏天最宁静的海 / 夏日，在寂静的海边,https://movie.douban.com/subject/1295815/
True,夺命凶灵 / Scanners/ 扫描者大决斗 / Telepathy 2000,https://movie.douban.com/subject/1302481/
True,大象 / Elephant/ 大象,https://movie.douban.com/subject/1292272/
True,时时刻刻 / The Hours/ 此时·此刻(港) / 小说人生,https://movie.douban.com/subject/1305666/
True,爱的甘露 / Desert Hearts/ 爱的甘露,https://movie.douban.com/subject/1306457/
True,安娜的旅程 / Les Rendez-vous d'Anna/ The Meetings of Anna / 安娜的旅程,https://movie.douban.com/subject/1768481/
True,这里是亚美子 / こちらあみ子/ Amiko / 呼叫爱美子(台),https://movie.douban.com/subject/35402728/
True,喀布尔的燕子 / Les hirondelles de Kaboul/ The Swallows of Kabul,https://movie.douban.com/subject/33417965/
True,油炸绿番茄 / Fried Green Tomatoes/ 笑傲同行 / 油炸绿番茄,https://movie.douban.com/subject/1293861/
True,"花田喜事 / 花田囍事/ 悲喜姻缘 / All's Well End's Well, Too",https://movie.douban.com/subject/1416728/
True,魔法满屋 / Encanto/ 奇幻魔法屋(港) / 音乐的魔法,https://movie.douban.com/subject/35134724/
True,塔楼上 / 탑/ 上楼 / Walk Up,https://movie.douban.com/subject/36015057/
True,正义回廊 / 正義迴廊/ The Cloister of Justice / The Sparring Partner,https://movie.douban.com/subject/35311878/
True,猎食者：日本流行音乐的秘密丑闻 / Predator: The Secret Scandal of J-Pop/ J-POPの捕食者 秘められたスキャンダル,https://movie.douban.com/subject/36287457/
True,偶然与想象 / 偶然と想像/ 偶然与想象之轮(港) / 命运与幻想之轮,https://movie.douban.com/subject/35360296/
True,五恶魔 / Les Cinq Diables/ 五个恶魔 / The Five Devils,https://movie.douban.com/subject/34986397/
True,无边泳池 / Infinity Pool/ 永池,https://movie.douban.com/subject/35320940/
True,不可撤销 / Irréversible/ 无可挽回(港) / 不可逆转(台),https://movie.douban.com/subject/1296935/
True,国家宝藏 / National Treasure/ 惊天夺宝(港) / 国家财宝,https://movie.douban.com/subject/1308848/
True,异教徒 / The Wicker Man/ 柳条人 / Anthony Shaffer's The Wicker Man,https://movie.douban.com/subject/1305611/
True,穿靴子的猫2 / Puss in Boots: The Last Wish/ 无敌猫剑侠2 / 鞋猫剑客2(台),https://movie.douban.com/subject/25868125/
True,M就是凶手 / M - Eine Stadt sucht einen Mörder/ 可诅咒的人 / 凶手就在我们中间,https://movie.douban.com/subject/1293381/
True,花与爱丽丝杀人事件 / 花とアリス殺人事件/ The Case of Hana & Alice / Hana to Alice Satsujin Jiken,https://movie.douban.com/subject/26147706/
True,pop子和pipi美的日常 第二季 / ポプテピピック TVアニメーション作品第二シリーズ/ pop子和pipi美的日常 电视动画第二季 / Pop Team Epic,https://movie.douban.com/subject/35712986/
True,晒后假日 / Aftersun/ 日丽(台) / 日丽追忆(港),https://movie.douban.com/subject/35876302/
True,温蒂和露西 / Wendy and Lucy/ 生活本来的样子 / 温蒂和露茜,https://movie.douban.com/subject/3047754/
True,我心深处 / Interiors/ 内心深处 / 内心世界,https://movie.douban.com/subject/1294745/
True,处刑人 / The Boondock Saints/ 另类圣徒 / 义行者,https://movie.douban.com/subject/1469049/
True,绝美之城 / La grande bellezza/ 罗马浮世绘(港) / 伟大之美,https://movie.douban.com/subject/10760030/
True,潇洒有情天 / Boys on the Side/ 咖啡、茶&TEQUILA / 至爱女人心,https://movie.douban.com/subject/1292510/
True,可爱的你 / 五個小孩的校長/ 五个小孩的校长 / 5个小孩的校长,https://movie.douban.com/subject/25870236/
True,唯神能恕 / Only God Forgives/ 罪无赦(港) / 罪无可赦(台),https://movie.douban.com/subject/5156137/
True,恐怖直播 / 더 테러 라이브/ 死亡“动”新闻(港) / 恐怖攻击直播(台),https://movie.douban.com/subject/21360417/
True,金色池塘 / On Golden Pond/ 金池塘 / La maison du lac,https://movie.douban.com/subject/1293767/
True,非常突然/ 重案组之非常任务 / Expect The Unexpected,https://movie.douban.com/subject/1299782/
True,伊丽莎白镇 / Elizabethtown/ 下一站...伊莉莎伯镇(港) / 伊莉莎白镇,https://movie.douban.com/subject/1419933/
True,疯狂动物城 / Zootopia/ 优兽大都会(港) / 动物方城市(台),https://movie.douban.com/subject/25662329/
True,呖咕呖咕新年财 / 嚦咕嚦咕新年財/ Fat Choi Spirit / Lik goo lik goo san nin choi,https://movie.douban.com/subject/1306133/
True,穿越大吉岭 / The Darjeeling Limited/ 大吉利是有限公司(港) / 大吉岭有限公司(台),https://movie.douban.com/subject/1968438/
True,利刃出鞘2 / Glass Onion: A Knives Out Mystery/ 利刃出鞘2：抽丝剥茧 / 玻璃洋葱：利刃出鞘疑案,https://movie.douban.com/subject/34939037/
True,真心英雄 / 眞心英雄/ A Hero Never Dies,https://movie.douban.com/subject/1293202/
True,堤 / La jetée/ 停机坪 / 堤坝,https://movie.douban.com/subject/1306626/
True,柔道龙虎榜 / 柔道龍虎榜/ Throw Down,https://movie.douban.com/subject/1308796/
True,阳光清洗 / Sunshine Cleaning/ 阳光净化公司 / 特别清扫服务,https://movie.douban.com/subject/2230905/
True,反基督者 / L'anticristo/ The Antichrist / 着鬼迷,https://movie.douban.com/subject/1994996/
True,女巫布莱尔 / The Blair Witch Project/ 死亡习作(港) / 厄夜丛林(台),https://movie.douban.com/subject/1295831/
True,碟中谍5：神秘国度 / Mission: Impossible - Rogue Nation/ 碟中谍5 / 职业特工队：叛逆帝国(港),https://movie.douban.com/subject/10727641/
True,月色撩人 / Moonstruck/ 发晕(台) / 月满抱佳人,https://movie.douban.com/subject/1292869/
True,漂亮女人 / Pretty Woman/ 风月俏佳人(港) / 麻雀变凤凰(台),https://movie.douban.com/subject/1293825/
True,红猪 / 紅の豚/ 飞天红猪侠(港) / Porco Rosso,https://movie.douban.com/subject/1291838/
True,母亲的城堡 / Le château de ma mère/ 再渡艳阳天 / 告别艳阳天,https://movie.douban.com/subject/1298250/
True,疯狂约会美丽都 / Les triplettes de Belleville/ 佳丽村三姊妹(港) / 佳丽村三姐妹(台),https://movie.douban.com/subject/1291565/
True,美食总动员 / Ratatouille/ 料理鼠王(台) / 五星级大鼠(港),https://movie.douban.com/subject/1793491/
True,记忆中的玛妮 / 思い出のマーニー/ 回忆中的玛妮(台) / Omoide no Marnie,https://movie.douban.com/subject/25790555/
True,北欧人 / The Northman/ 北方人(台) / 北族人(港),https://movie.douban.com/subject/34861178/
True,碟中谍4 / Mission: Impossible - Ghost Protocol/ 职业特工队：鬼影约章(港) / 不可能的任务：鬼影行动(台),https://movie.douban.com/subject/3068206/
True,碟中谍3 / Mission: Impossible III/ 职业特工队3(港) / 不可能的任务3(台),https://movie.douban.com/subject/1401533/
True,碟中谍2 / Mission: Impossible II/ 职业特工队2(港) / 不可能的任务2(台),https://movie.douban.com/subject/1298525/
True,碟中谍 / Mission: Impossible/ 职业特工队(港) / 不可能的任务(台),https://movie.douban.com/subject/1292484/
True,美味奇缘 / Délicieux/ Delicious,https://movie.douban.com/subject/34954371/
True,王牌对王牌 / The Negotiator/ 冇数讲(港) / 谈判专家,https://movie.douban.com/subject/1293434/
True,新扎师妹2 / 新紮師妹2/ 新扎师妹2美丽任务 / Love Undercover 2: Love Mission,https://movie.douban.com/subject/1308232/
True,极限职业 / 극한직업/ 炸鸡特攻队(港) / 鸡不可失(台),https://movie.douban.com/subject/27597250/
True,险恶 / Sinister/ 邪灵(港) / 凶兆(台),https://movie.douban.com/subject/6875615/
True,新蝙蝠侠 / The Batman/ 蝙蝠侠(港/台) / 重启版蝙蝠侠,https://movie.douban.com/subject/6424756/
True,摩登时代 / Modern Times/ The Masses / Les Temps modernes,https://movie.douban.com/subject/1294371/
True,极速风流 / Rush/ 一级双雄(港) / 决战终点线(台),https://movie.douban.com/subject/6803494/
True,汉江怪物 / 괴물/ 韩流怪吓(港) / 骇人怪物(台),https://movie.douban.com/subject/1763134/
True,斯宾塞 / Spencer/ 戴妃 / 斯潘塞,https://movie.douban.com/subject/35101435/
True,阴风阵阵 / Suspiria/ 坐立不安(台) / 阴风阵阵,https://movie.douban.com/subject/1296332/
True,盗梦空间 / Inception/ 潜行凶间(港) / 全面启动(台),https://movie.douban.com/subject/3541415/
True,玩乐时间 / Play Time/ 嬉戏时间(港) / 游戏时间(台),https://movie.douban.com/subject/1303543/
True,刺客聂隐娘/ 聂隐娘 / The Assassin,https://movie.douban.com/subject/2303845/
True,西线无战事 / Im Westen nichts Neues/ 新西线无战事 / All Quiet on the Western Front,https://movie.douban.com/subject/3042261/
True,几近成名 / Almost Famous/ 成名在望(台) / 不日成名(港),https://movie.douban.com/subject/1292352/
True,雪国列车 / 설국열차/ 末世列车(港) / 末日列车(台),https://movie.douban.com/subject/3071441/
True,少年派的奇幻漂流 / Life of Pi/ 少年Pi的奇幻漂流 / 漂流少年Pi,https://movie.douban.com/subject/1929463/
True,血与黑蕾丝 / Sei donne per l'assassino/ 血腥与黑丝绒 / Blood and Black Lace,https://movie.douban.com/subject/1295220/
True,X/ 恐怖X档案(台),https://movie.douban.com/subject/35240920/
True,珀尔 / Pearl/ “X”前传电影 / 欲珠,https://movie.douban.com/subject/35801819/
True,后天 / The Day After Tomorrow/ 明日之后(港) / 明日过后(台),https://movie.douban.com/subject/1308779/
True,子弹列车 / Bullet Train/ 杀手疾风号 / 杀手列车(港),https://movie.douban.com/subject/35118954/
True,壮志凌云2：独行侠 / Top Gun: Maverick/ 捍卫战士：独行侠(台) / 壮志凌云独行侠,https://movie.douban.com/subject/6893932/
True,红衣女王的7次杀戮 / La dama rossa uccide sette volte/ Red Queen Kills 7 Times,https://movie.douban.com/subject/2136844/
True,活埋 / Buried/ 埋葬,https://movie.douban.com/subject/3819877/
True,黑暗中的音符 / Sette note in nero/ Murder to the Tune of the Seven Black Notes / Seven Notes in Black,https://movie.douban.com/subject/2136831/
True,爱您爱到杀死您/ 爱你爱到杀死你 / Killing Me Tenderly,https://movie.douban.com/subject/1302607/
True,寻梦环游记 / Coco/ 玩转极乐园(港) / 可可夜总会(台),https://movie.douban.com/subject/20495023/
True,国产凌凌漆 / 國產凌凌漆/ 凌凌漆大战金枪客 / 国产零零漆,https://movie.douban.com/subject/1307739/
True,叶问 / 葉問/ 一代宗师·叶问 / Yip Man,https://movie.douban.com/subject/3041806/
True,剑雨/ 剑雨江湖 / Reign of Assassins,https://movie.douban.com/subject/3813779/
True,得闲炒饭 / 得閒炒飯/ 上上下下 / All about Love,https://movie.douban.com/subject/4145476/
True,"家庭罗曼史有限公司 / Family Romance, LLC.",https://movie.douban.com/subject/33418492/
True,坠落 / Fall/ 跌落 / 下坠,https://movie.douban.com/subject/35700395/
True,角斗士 / Gladiator/ 帝国骄雄(港) / 神鬼战士(台),https://movie.douban.com/subject/1293530/
True,惊变 / 驚變/ 情网 / All of a Sudden,https://movie.douban.com/subject/1299072/
True,爆裂刑警/ Bullets Over Summer,https://movie.douban.com/subject/1304837/
True,拆弹专家2/ Shock Wave 2,https://movie.douban.com/subject/30171424/
True,拆弹专家/ 拆弹·专家 / Shock Wave,https://movie.douban.com/subject/26748673/
True,整蛊专家 / 整蠱專家/ 求爱总动员 / 整人专家,https://movie.douban.com/subject/1299680/
True,灰影人 / The Gray Man/ 灰色人 / 灰人,https://movie.douban.com/subject/7051806/
True,百变星君 / 百變星君/ 百变金刚 / Sixty Million Dollar Man,https://movie.douban.com/subject/1300498/
True,怒火·重案 / 怒火/ 怒火重案 / 怒火战,https://movie.douban.com/subject/30174085/
True,掮客 / 브로커/ 代理人 / 孩子转运站(港),https://movie.douban.com/subject/35192111/
True,"家有喜事 / 家有囍事/ All's Well, Ends Well / Family Happiness",https://movie.douban.com/subject/1300064/
True,千王之王2000/ The Tricky Master,https://movie.douban.com/subject/1304677/
True,"你好，李焕英/ Hi, Mom / こんにちは、私のお母さん",https://movie.douban.com/subject/34841067/
True,神探/ Mad Detective,https://movie.douban.com/subject/2027938/
True,星之彩 / Color Out of Space/ 时空之外的颜色 / 异星之彩,https://movie.douban.com/subject/30307197/
True,青蛇/ Green Snake,https://movie.douban.com/subject/1303394/
True,男人 / Men/ 们(台) / 男人,https://movie.douban.com/subject/35341588/
True,赌神 / 賭神/ God of Gamblers,https://movie.douban.com/subject/1300883/
True,克莱尔的相机 / 클레어의 카메라/ 嘉儿的照相机(港) / 克莱儿的相机(台),https://movie.douban.com/subject/26791627/
True,攻壳机动队 / Ghost in the Shell/ 攻壳机动队真人版,https://movie.douban.com/subject/25818101/
True,金装大酒店 / 金裝大酒店/ Carry On Hotel,https://movie.douban.com/subject/1303130/
True,同居蜜友/ Fighting for Love,https://movie.douban.com/subject/1297787/
True,导火线 / 導火綫/ 破军 / Flash Point,https://movie.douban.com/subject/2044102/
True,暗花/ 暗花之杀人条件 / 非战攻略,https://movie.douban.com/subject/1292450/
True,汉纳·盖茨比告别秀：娜娜 / Hannah Gadsby: Nanette/ 汉纳·加斯比：娜娜 / 汉纳·加斯比：娜奈特,https://movie.douban.com/subject/30253080/
True,火柴人 / Matchstick Men/ 种计(港) / 火柴男人,https://movie.douban.com/subject/1307542/
True,喜剧之王 / 喜劇之王/ King of Comedy,https://movie.douban.com/subject/1302425/
True,谤法：在此矣 / 방법: 재차의/ 咒术尸战(港/台) / The Cursed,https://movie.douban.com/subject/35145064/
True,黄金神威 第三季 / ゴールデンカムイ 3期/ Golden Kamuy Season 3,https://movie.douban.com/subject/34456150/
True,黄金神威 第二季 / ゴールデンカムイ 2期/ Golden Kamuy,https://movie.douban.com/subject/30257538/
True,黄金神威 / ゴールデンカムイ/ Golden Kamuy,https://movie.douban.com/subject/27102516/
True,不要抬头 / Don't Look Up/ 千万别抬头 / 别往天上看,https://movie.douban.com/subject/34884712/
True,网络炼狱：揭发N号房 / 사이버 지옥: n번방을 무너뜨려라/ 网路炼狱：揭发N号房(台) / 网络地狱：N号房现形记,https://movie.douban.com/subject/35874097/
True,茶杯头大冒险 第一季 / The Cuphead Show! Season 1/ 茶杯头(动画版),https://movie.douban.com/subject/34461021/
True,枪火 / 鎗火/ The Mission,https://movie.douban.com/subject/1300741/
True,树大招风 / 樹大招風/ Trivisa,https://movie.douban.com/subject/26265170/
True,招魂 / The Conjuring/ 诡屋惊凶实录(港) / 厉阴宅(台),https://movie.douban.com/subject/3804629/
True,"救姜刑警 / 救薑刑警/ Clean My Name, Mr. Coroner!",https://movie.douban.com/subject/1302458/
True,杰伊·比姆 / Jai Bhim/ 万岁毕姆 / 斗争万岁,https://movie.douban.com/subject/35652715/
True,鹿鼎记2：神龙教 / 鹿鼎記II 神龍教/ 鹿鼎记II：神龙教 / Royal Tramp II,https://movie.douban.com/subject/1306951/
True,追龙 / 追龍/ 卧虎2 / 跛豪,https://movie.douban.com/subject/26425068/
True,镜子 / Зеркало/ 写真 / Zerkalo,https://movie.douban.com/subject/1299248/
True,狗咬狗/ 猎鹰出击 / Dog Bite Dog,https://movie.douban.com/subject/1853160/
True,"审死官 / 審死官/ 威龙闯天关(台) / Justice, My Foot!",https://movie.douban.com/subject/1305355/
True,武状元苏乞儿 / 武狀元蘇乞兒/ King of Beggars,https://movie.douban.com/subject/1297863/
True,辩护人 / 변호인/ 逆权大状(港) / 正义辩护人(台),https://movie.douban.com/subject/21937445/
True,波斯语课 / Persischstunden/ 波斯密语(港) / 波斯语课程,https://movie.douban.com/subject/30466931/
True,鹿鼎记 / 鹿鼎記/ 新鹿鼎记(台) / Royal Tramp,https://movie.douban.com/subject/1297223/
True,黑鹰坠落 / Black Hawk Down/ 黑鹰15小时(港) / 黑鹰计划(台),https://movie.douban.com/subject/1291824/
True,私人战争 / A Private War/ 第一眼战线(港) / 一个人的战争,https://movie.douban.com/subject/20425292/
True,西部往事 / C'era una volta il West/ 狂沙十万里 / 万里狂沙万里仇,https://movie.douban.com/subject/1293394/
True,文雀/ Sparrow,https://movie.douban.com/subject/2976123/
True,暗战 / 暗戰/ 谈判专家(台) / Running Out of Time,https://movie.douban.com/subject/1298898/
True,放·逐/ 放逐 / Exiled,https://movie.douban.com/subject/1790577/
True,头号玩家 / Ready Player One/ 玩家一号 / 挑战者1号(港),https://movie.douban.com/subject/4920389/
True,笑傲江湖2：东方不败 / 笑傲江湖II東方不敗/ 笑傲江湖之东方不败 / Swordsman 2,https://movie.douban.com/subject/1294417/
True,黑金/ 情义之西西里岛 / Island of Greed,https://movie.douban.com/subject/1292962/
True,机动部队 / PTU/ PTU: Into the Perilous Night / PTU - Police Tactical Unit,https://movie.douban.com/subject/1302434/
True,无双 / 無雙/ Project Gutenberg / Mo seung,https://movie.douban.com/subject/26425063/
True,扫毒 / 掃毒/ 变役 / 当局者,https://movie.douban.com/subject/10763164/
True,黑社会2：以和为贵 / 黑社會以和為貴/ 黑社会2 / Election 2,https://movie.douban.com/subject/1484760/
True,在你面前 / 당신얼굴 앞에서/ In Front of Your Face / 活在你面前(港),https://movie.douban.com/subject/35465742/
True,黑社会 / 黑社會/ 龙城岁月 / 选老坐,https://movie.douban.com/subject/1309220/
True,房子 / The House/ 房子里的故事 / 一屋三故(港),https://movie.douban.com/subject/35496211/
True,疯狂的麦克斯4：狂暴之路 / Mad Max: Fury Road/ 末日先锋：战甲飞车(港) / 疯狂麦斯：愤怒道(台),https://movie.douban.com/subject/3592854/
True,杀人回忆 / 살인의 추억/ 谋杀回忆 / 杀手回忆录,https://movie.douban.com/subject/1300299/
True,新龙门客栈 / 新龍門客棧/ New Dragon Gate Inn,https://movie.douban.com/subject/1292287/
True,大独裁者 / The Great Dictator/ The Dictator / El gran dictador,https://movie.douban.com/subject/1295646/
True,97家有喜事 / 97家有囍事/ 喜事一家亲 / 都市恋情,https://movie.douban.com/subject/1305197/
True,乱世佳人 / Gone with the Wind/ 飘,https://movie.douban.com/subject/1300267/
True,我在伊朗长大 / Persepolis/ 茉莉人生(台) / 波斯波利斯,https://movie.douban.com/subject/1962116/
True,阿飞正传 / 阿飛正傳/ Days of Being Wild,https://movie.douban.com/subject/1305690/
True,天若有情/ 追梦人 / 天若有情1,https://movie.douban.com/subject/1297710/
True,上帝之城 / Cidade de Deus/ 无主之城(港) / 无法无天(台),https://movie.douban.com/subject/1292208/
True,幻影凶间 / 1408/ 第1408号房间 / 1408幻影凶间,https://movie.douban.com/subject/1793903/
True,Soho区惊魂夜 / Last Night in Soho/ 苏豪的最后一夜(港) / 迷离夜苏活(台),https://movie.douban.com/subject/30447440/
True,旺角卡门 / 旺角卡門/ 热血男儿(台) / As Tears Go By,https://movie.douban.com/subject/1304624/
True,头脑特工队 / Inside Out/ 玩转脑朋友(港) / 脑筋急转弯(台),https://movie.douban.com/subject/10533913/
True,行运超人 / 行運超人/ 幸运超人 / My Lucky Star,https://movie.douban.com/subject/1306334/
True,新仙鹤神针 / 新仙鶴神針/ 孤城英雄传 / The Magic Crane,https://movie.douban.com/subject/1298761/
True,"倒数时刻 / Tick, Tick…Boom!/ 滴答，滴答……轰隆隆 / 梦想期限(港)",https://movie.douban.com/subject/30279170/
True,一代宗师 / 一代宗師/ 一代宗师3D / 一代宗师终极版,https://movie.douban.com/subject/3821067/
True,少林足球/ Shaolin Soccer,https://movie.douban.com/subject/1297747/
True,A计划 / A計劃/ Project A,https://movie.douban.com/subject/1297909/
True,八佰/ 八百启示录 / 战争启示录之八百壮士,https://movie.douban.com/subject/26754233/
True,悬崖之上/ Impasse / Cliff Walkers,https://movie.douban.com/subject/32493124/
True,不汗党 / 불한당: 나쁜 놈들의 세상/ 不汗党：坏家伙们的世界 / 不汗党：地下秩序(台),https://movie.douban.com/subject/26770698/
True,唐伯虎点秋香 / 唐伯虎點秋香/ Flirting Scholar,https://movie.douban.com/subject/1306249/
True,逃学威龙 / 逃學威龍/ Fight Back to School,https://movie.douban.com/subject/1302090/
True,明日边缘 / Edge of Tomorrow/ 异空战士(港) / 明日边界(台),https://movie.douban.com/subject/4746257/
True,九品芝麻官/ 九品芝麻官之白面包青天 / Hail the Judge,https://movie.douban.com/subject/1297518/
True,盲探/ Blind Detective,https://movie.douban.com/subject/6872273/
True,"养虎为患 第一季 / Tiger King Season 1/ 虎王(台) / Tiger King: Murder, Mayhem and Madness",https://movie.douban.com/subject/34971810/
True,我左眼见到鬼 / 我左眼見到鬼/ My Left Eye Sees Ghosts,https://movie.douban.com/subject/1299374/
True,索多玛120天 / Salò o le 120 giornate di Sodoma/ 所多玛120天 / 所多姆120天,https://movie.douban.com/subject/1293691/
True,双瞳 / 雙瞳/ Double Vision,https://movie.douban.com/subject/1305046/
True,金雀花王朝 / The Plantagenets/ The Plantagenets,https://movie.douban.com/subject/25852358/
True,JOJO的奇妙冒险 星尘斗士 / ジョジョの奇妙な冒険 スターダストクルセイダース/ JOJO的奇妙冒险 星尘十字军 / JOJO的奇妙冒险 第二季,https://movie.douban.com/subject/23774708/
True,JOJO的奇妙冒险 星尘斗士 埃及篇 / ジョジョの奇妙な冒険 スターダストクルセイダース エジプト編/ JOJO的奇妙冒险 第三季 / JoJo's Bizarre Adventure: Stardust Crusaders: Battle in Egypt,https://movie.douban.com/subject/25984031/
True,JOJO的奇妙冒险 不灭钻石 / ジョジョの奇妙な冒険 ダイヤモンドは砕けない/ JOJO的奇妙冒险 第四季 / JoJo's Bizarre Adventure: Diamond is Unbreakable,https://movie.douban.com/subject/26650051/
True,JOJO的奇妙冒险 黄金之风 / ジョジョの奇妙な冒険 黄金の風/ JOJO的奇妙冒险 第五季 / JoJo's Bizarre Adventure: Golden Wind,https://movie.douban.com/subject/27666505/
True,东邪西毒：终极版 / 東邪西毒終極版/ Ashes of Time Redux,https://movie.douban.com/subject/3726072/
True,射雕英雄传之东成西就 / 射鵰英雄傳之東成西就/ 东成西就 / 大英雄 (日本),https://movie.douban.com/subject/1316510/
True,重庆森林 / 重慶森林/ Chungking Express,https://movie.douban.com/subject/1291999/
True,2046/ 2046,https://movie.douban.com/subject/1291555/
True,狮子王 / The Lion King/ 狮子王真狮版 / 狮子王真实版,https://movie.douban.com/subject/26884354/
True,行运一条龙 / 行運一條龍/ The Lucky Guy,https://movie.douban.com/subject/1299550/
True,老千 / 타짜/ 泰沙大豪客(港) / The War of Flower,https://movie.douban.com/subject/1915180/
True,功夫/ 功夫3D / Kung Fu Hustle,https://movie.douban.com/subject/1291543/
True,心灵奇旅 / Soul/ 灵魂奇遇记(港) / 灵魂急转弯(台),https://movie.douban.com/subject/24733428/
True,春季露营 / 스프링 캠프/ 新西游记特辑 - Spring Camp / Spring Camp,https://movie.douban.com/subject/35424801/
True,兰心大剧院/ 礼拜六小说 / 于堇：兰心大剧院(台),https://movie.douban.com/subject/26954859/
True,蜘蛛侠：平行宇宙 / Spider-Man: Into the Spider-Verse/ 蜘蛛侠：新纪元 / 蜘蛛人：新宇宙(台),https://movie.douban.com/subject/26374197/
True,寻枪/ The Missing Gun,https://movie.douban.com/subject/1305224/
True,D.P：逃兵追缉令 / D.P 개의 날/ D.P狗之日 / D.P Dog Day,https://movie.douban.com/subject/35028876/
True,岸边露伴一动不动 / 岸辺露伴は動かない/ 岸边露伴一动不动 TV动画版,https://movie.douban.com/subject/35236736/
True,如果·爱/ Perhaps Love,https://movie.douban.com/subject/1418070/
True,秘密森林 / 비밀의 숲/ 秘密的森林 / 秘密之森,https://movie.douban.com/subject/26934346/
True,阴晴不定大哥哥 / うらみちお兄さん,https://movie.douban.com/subject/34880365/
True,龙在江湖 / 龍在江湖/ 没有明天 / A True Mob Story,https://movie.douban.com/subject/1303769/
True,普罗米亚 / プロメア/ 普罗米亚的火焰(港) / PROMARE,https://movie.douban.com/subject/27080656/
True,鱿鱼游戏 第一季 / 오징어 게임/ 第六轮 / Squid Game,https://movie.douban.com/subject/34812928/
True,鬼灭之刃 剧场版 无限列车篇 / 劇場版 鬼滅の刃 無限列車編/ Demon Slayer -Kimetsu No Yaiba- The Movie: Mugen Train / Kimetsu no Yaiba: Mugen Ressha-Hen,https://movie.douban.com/subject/34845781/
True,入间同学入魔了 第二季 / 魔入りました!入間くん 第2シリーズ/ Welcome to Demon School! Iruma-kun,https://movie.douban.com/subject/34992794/
True,入间同学入魔了 / 魔入りました！入間くん,https://movie.douban.com/subject/30458438/
True,失控玩家 / Free Guy/ 分身人 / 爆机自由仁(港),https://movie.douban.com/subject/30337388/
True,壮志凌云 / Top Gun/ 捍卫战士(台) / 壮志凌云 3D,https://movie.douban.com/subject/1293799/
True,瘦身男女/ Love On A Diet / Sau sun nam nui,https://movie.douban.com/subject/1303203/
True,枪王之王/ Triple Tap,https://movie.douban.com/subject/4133988/
True,使徒 / Apostle,https://movie.douban.com/subject/26908051/
True,调音师 / Andhadhun/ 看不见的旋律 / 调琴师,https://movie.douban.com/subject/30334073/
True,被解救的姜戈 / Django Unchained/ 被解放的姜戈 / 决杀令(台),https://movie.douban.com/subject/6307447/
True,窈窕淑女 / My Fair Lady/ 窈窕淑女,https://movie.douban.com/subject/1297965/
True,咒术回战 / 呪術廻戦/ Jujutsu Kaisen,https://movie.douban.com/subject/34895145/
True,鬼灭之刃 / 鬼滅の刃/ 灭鬼之刃 / 鬼灭之刃 灶门炭治郎 立志篇,https://movie.douban.com/subject/30210221/
True,驱魔人 / The Exorcist/ 大法师(台),https://movie.douban.com/subject/1293755/
True,好莱坞往事 / Once Upon a Time... in Hollywood/ 从前，有个荷里活(港) / 从前，有个好莱坞...(台),https://movie.douban.com/subject/27087724/
True,神偷奶爸2 / Despicable Me 2/ 卑鄙的我2 / 坏蛋奖门人2(港),https://movie.douban.com/subject/4915857/
True,神偷奶爸 / Despicable Me/ 卑鄙的我 / 坏蛋奖门人(港),https://movie.douban.com/subject/3287562/
True,扫黑风暴/ Crime Crackdown,https://movie.douban.com/subject/35202793/
True,色，戒/ 色|戒 / 色·戒,https://movie.douban.com/subject/1828115/
True,了不起的狐狸爸爸 / Fantastic Mr. Fox/ 超级狐狸先生(台) / 狐狸先生无得顶(港),https://movie.douban.com/subject/1759386/
True,爱宠大机密2 / The Secret Life of Pets 2/ Pet Pet当家2(港) / 宠物当家2(台),https://movie.douban.com/subject/26848167/
True,爱宠大机密 / The Secret Life of Pets/ Pet Pet当家(港) / 宠物当家(台),https://movie.douban.com/subject/21817627/
True,刺青/ Mandala / Spider Lilies,https://movie.douban.com/subject/1938312/
True,南方车站的聚会/ 野鹅塘 / 野鹅湖,https://movie.douban.com/subject/27668250/
True,新扎师妹 / 新紮師妹/ Love Undercover / Sun jaat si mui,https://movie.douban.com/subject/1308655/
True,纵横四海 / 緃横四海/ Once a Thief,https://movie.douban.com/subject/1295409/
True,英雄本色/ A Better Tomorrow / Gangland Boss,https://movie.douban.com/subject/1297574/
True,孤男寡女/ Needing You ...,https://movie.douban.com/subject/1307906/
True,十一罗汉 / Ocean's Eleven/ 瞒天过海(台) / 盗海豪情(港),https://movie.douban.com/subject/1301578/
True,古惑仔之人在江湖/ 英雄不败(台) / Young and Dangerous,https://movie.douban.com/subject/1433736/
True,小鬼当家2 / Home Alone 2: Lost in New York/ 宝贝智多星续集：玩转纽约(港) / 小鬼当家2：迷失纽约,https://movie.douban.com/subject/1293353/
True,小鬼当家 / Home Alone/ 宝贝智多星(港) / 独自在家,https://movie.douban.com/subject/1293088/
True,卡特教练 / Coach Carter/ 卡特教头(台) / 铁血教练,https://movie.douban.com/subject/1309017/
True,黑客帝国3：矩阵革命 / The Matrix Revolutions/ 22世纪杀人网络3：惊变世纪(港) / 骇客任务完结篇：最后战役(台),https://movie.douban.com/subject/1302467/
True,人生一串 第一季/ The Story Of Chuaner,https://movie.douban.com/subject/27040844/
True,人生一串 第二季,https://movie.douban.com/subject/33437160/
True,黑客帝国2：重装上阵 / The Matrix Reloaded/ 22世纪杀人网络2：决战未来(港) / 骇客任务：重装上阵(台),https://movie.douban.com/subject/1304141/
True,黑客帝国 / The Matrix/ 22世纪杀人网络(港) / 廿二世纪杀人网络(港),https://movie.douban.com/subject/1291843/
True,锅盖头 / Jarhead/ 平头日记,https://movie.douban.com/subject/1424218/
True,仲夏夜惊魂 / Midsommar/ 仲夏魇(台) / 仲夏噩梦,https://movie.douban.com/subject/30288638/
True,谍影重重 / The Bourne Identity/ 叛谍追击(港) / 神鬼认证(台),https://movie.douban.com/subject/1304102/
True,诺丁山 / Notting Hill/ 摘星奇缘(港) / 新娘百分百(台),https://movie.douban.com/subject/1298038/
True,困在时间里的父亲 / The Father/ 爸爸可否不要老(港) / 父亲(台),https://movie.douban.com/subject/33432655/
True,阿丽塔：战斗天使 / Alita: Battle Angel/ 铳梦 / 铳梦：战斗天使(港),https://movie.douban.com/subject/1652592/
True,起风了 / 風立ちぬ/ 风起了(港) / 风起(台),https://movie.douban.com/subject/6791750/
True,阳光姐妹淘 / 써니/ 阳光姊妹淘(港) / 桑尼,https://movie.douban.com/subject/4917726/
True,傲慢与偏见 / Pride & Prejudice/ 傲慢与偏见2005 / Pride And Prejudice,https://movie.douban.com/subject/1418200/
True,夺命金 / 奪命金/ Life Without Principle / Dyut meng gam,https://movie.douban.com/subject/3532614/
True,尽善尽美 / As Good as It Gets/ 猫屎先生(港) / 爱在心头口难开(台),https://movie.douban.com/subject/1293917/
True,新警察故事/ New Police Story,https://movie.douban.com/subject/1306160/
True,春风沉醉的夜晚/ 春风沉醉的晚上 / 春热,https://movie.douban.com/subject/3690289/
True,信条 / Tenet/ TENET天能(港/台) / 时空追捕,https://movie.douban.com/subject/30444960/
True,幽灵公主 / もののけ姫/ 魔法公主(港) / 魔法公主(台),https://movie.douban.com/subject/1297359/
True,藏身之所 / Safe House/ 狡兔计划(台) / 灭口布局(港),https://movie.douban.com/subject/4301285/
True,雷霆沙赞！ / Shazam!/ 沙赞！神力集结(港) / 沙赞！(台),https://movie.douban.com/subject/2244426/
True,迪克·约翰逊的去世 / Dick Johnson Is Dead/ 老豆已死(港) / 爷爷的死亡排练(台),https://movie.douban.com/subject/34909075/
True,林中小屋 / The Cabin in the Woods/ 尸营旅舍(港) / 诡屋(台),https://movie.douban.com/subject/3143676/
True,证人 / 証人/ The Beast Stalker,https://movie.douban.com/subject/3312344/
True,食神/ The God of Cookery,https://movie.douban.com/subject/1293351/
True,遗传厄运 / Hereditary/ 宿怨(台) / 祖孽(港),https://movie.douban.com/subject/27621727/
True,此房是我造 / The House That Jack Built/ 杀上瘾(港) / 杰克盖的房子(台),https://movie.douban.com/subject/26369884/
True,志明与春娇 / 志明與春嬌/ 谈恋爱 / Love in a Puff,https://movie.douban.com/subject/4305436/
True,大内密探零零发 / 大內密探零零發/ 鹿鼎大帝(台) / Forbidden City Cop,https://movie.douban.com/subject/1329936/
True,回魂夜/ 整鬼专家 / Out of the Dark,https://movie.douban.com/subject/1299765/
True,窃听风云2/ 操盘风云2 / Overheard 2,https://movie.douban.com/subject/5422105/
True,窃听风云 / 竊聽風雲/ Overheard,https://movie.douban.com/subject/3412882/
True,罗宾汉：起源 / Robin Hood/ 罗宾汉 / 箭神·第一战(港),https://movie.douban.com/subject/26348846/
True,大话西游之大圣娶亲 / 西遊記大結局之仙履奇緣/ 西游记完结篇仙履奇缘 / 齐天大圣西游记,https://movie.douban.com/subject/1292213/
True,大话西游之月光宝盒 / 西遊記第壹佰零壹回之月光寶盒/ 西游记101回月光宝盒 / 齐天大圣东游记,https://movie.douban.com/subject/1299398/
True,济公 / 濟公/ 降龙罗汉与济颠 / The Mad Monk,https://movie.douban.com/subject/1400665/
True,屠宰场准则 / Slaughterhouse Rulez/ 屠宰场规则,https://movie.douban.com/subject/27045854/
True,圣公会主学堂 / Nativity!/ 圣诞欢歌 / 疯狂圣诞剧,https://movie.douban.com/subject/3097439/
True,流浪地球/ 流浪地球：飞跃2020特别版 / The Wandering Earth,https://movie.douban.com/subject/26266893/
True,永生守卫 / The Old Guard/ 不死军团(港/台) / 老卫兵,https://movie.douban.com/subject/27009869/
True,鬼影特攻：以暴制暴 / 6 Underground/ 地下6号 / 六尺之下,https://movie.douban.com/subject/30163500/
True,斯宾塞的机密任务 / Spenser Confidential/ 隐侠：地下正义(港) / 史宾赛的机密任务(台),https://movie.douban.com/subject/30258631/
True,美国谋杀故事：隔壁那家人 / American Murder: The Family Next Door/ 美國殺人檔案：鄰家好爸爸,https://movie.douban.com/subject/35194915/
True,福尔摩斯小姐：失踪的侯爵 / Enola Holmes/ 福尔摩斯小姐 / 福尔摩斯小姐：消失的侯爵,https://movie.douban.com/subject/27662541/
True,神奇动物：格林德沃之罪 / Fantastic Beasts: The Crimes of Grindelwald/ 神奇动物在哪里2：格林德沃之罪 / 怪兽与葛林戴华德之罪(港),https://movie.douban.com/subject/26147417/
True,查理和巧克力工厂 / Charlie and the Chocolate Factory/ 朱古力奖门人(港) / 巧克力冒险工厂(台),https://movie.douban.com/subject/1309101/
True,我们 / Us/ 我们·异(港),https://movie.douban.com/subject/27053945/
True,玻璃先生 / Glass/ 异能仨(港) / 异裂(台),https://movie.douban.com/subject/27031237/
True,海王 / Aquaman/ 水行侠(港/台) / 潜水侠,https://movie.douban.com/subject/3878007/
True,克劳斯：圣诞节的秘密 / Klaus/ 圣诞老人,https://movie.douban.com/subject/26858510/
True,沙堡 / Sand Castle,https://movie.douban.com/subject/25884712/
True,让子弹飞/ 让子弹飞一会儿 / 火烧云,https://movie.douban.com/subject/3742360/
True,邪不压正/ 侠隐 / Hidden Man,https://movie.douban.com/subject/26366496/
True,小丑 / Joker/ 小丑起源电影：罗密欧 / Romeo,https://movie.douban.com/subject/27119724/
True,星际探索 / Ad Astra/ 星际任务(港) / 星际救援(台),https://movie.douban.com/subject/24716039/
True,惊天魔盗团2 / Now You See Me 2/ 非常盗2(港) / 出神入化2(台),https://movie.douban.com/subject/25662337/
True,惊天魔盗团 / Now You See Me/ 非常盗(港) / 出神入化(台),https://movie.douban.com/subject/6517421/
True,借东西的小人阿莉埃蒂 / 借りぐらしのアリエッティ/ 借物少女艾莉缇(台) / 借东西的小矮人亚莉亚蒂(港),https://movie.douban.com/subject/4202302/
True,猫的报恩 / 猫の恩返し/ 猫之报恩 / Neko no ongaeshi,https://movie.douban.com/subject/1304970/
True,遗落战境 / Oblivion/ 攻‧元2077(港) / 遗忘星球,https://movie.douban.com/subject/3895511/
True,毒液：致命守护者 / Venom/ 毒魔(港) / 猛毒(台),https://movie.douban.com/subject/3168101/
True,惊天营救 / Extraction/ 极限营救 / 达卡,https://movie.douban.com/subject/30314127/
True,12勇士 / 12 Strong/ 12猛汉(台) / 12壮士(港),https://movie.douban.com/subject/3660130/
True,极线杀手 / Polar/ 极地(港) / 极线,https://movie.douban.com/subject/27180599/
True,教宗的承继 / The Two Popes/ 教廷白烟(港) / 两个教皇,https://movie.douban.com/subject/27132510/
True,风之谷 / 風の谷のナウシカ/ 风谷少女 / Kaze no tani no Naushika,https://movie.douban.com/subject/1291585/
True,天空之城 / 天空の城ラピュタ/ 天空之城拉普他 / 空中城堡拉普他,https://movie.douban.com/subject/1291583/
True,速成家庭 / Instant Family/ 失惊无神一家人(港) / 即时家庭,https://movie.douban.com/subject/27150284/
True,芝加哥七君子审判 / The Trial of the Chicago 7/ 芝加哥七人案：惊世审判(港/台),https://movie.douban.com/subject/2609258/
True,谋杀疑案 / Murder Mystery/ 猜猜猜谁是凶手(港) / 夺命鸳殃(台),https://movie.douban.com/subject/15077774/
True,爱乐之城 / La La Land/ 星声梦里人(港) / 乐来越爱你(台),https://movie.douban.com/subject/25934014/
True,崖上的波妞 / 崖の上のポニョ/ 悬崖上的金鱼姬 / 悬崖上的金鱼公主,https://movie.douban.com/subject/1959877/
True,魔女宅急便 / 魔女の宅急便/ 魔女琪琪(台) / 小魔女限时专送,https://movie.douban.com/subject/1307811/
True,哈尔的移动城堡 / ハウルの動く城/ 哈尔移动城堡(港) / 霍尔的移动城堡(台),https://movie.douban.com/subject/1308807/
True,千与千寻 / 千と千尋の神隠し/ 神隐少女(台) / 千与千寻的神隐,https://movie.douban.com/subject/1291561/
True,闻香识女人 / Scent of a Woman/ 女人香 / 女人的芳香,https://movie.douban.com/subject/1298624/
True,僵尸肖恩 / Shaun of the Dead/ 杠上活死人 / 笑死人凶间(港),https://movie.douban.com/subject/1308755/
True,特洛伊 / Troy/ 特洛伊：木马屠城 / 特洛伊,https://movie.douban.com/subject/1308751/
True,社交网络 / The Social Network/ 社群网战(台) / Facebook的故事,https://movie.douban.com/subject/3205624/
True,小姐 / 아가씨/ 下女诱罪(港) / 下女的诱惑(台),https://movie.douban.com/subject/25977027/
True,惊天核网 / The Sum of All Fears/ 恐惧的总和 / 恐惧杀机,https://movie.douban.com/subject/1306969/
True,死侍 / Deadpool/ 死侍：不死现身(港) / 恶棍英雄：死侍(台),https://movie.douban.com/subject/3718279/
True,罗宾汉 / Robin Hood/ 侠盗·骄雄(港),https://movie.douban.com/subject/2062677/
True,局内人 / Inside Man/ 案内人(港) / 卧底(台),https://movie.douban.com/subject/1441801/
True,金蝉脱壳 / Escape Plan/ 钢铁坟墓(台) / 逃亡大计(港),https://movie.douban.com/subject/3025447/
True,阅后即焚 / Burn After Reading/ CIA光碟离奇失窃案(港) / 即刻毁灭(台),https://movie.douban.com/subject/2054933/
True,双龙出手 / 2 Guns/ 2枪毙命(台) / 孖GUN双雄(港),https://movie.douban.com/subject/3170961/
True,城中大盗 / The Town/ 窃盗城(台) / 狂盗之城(港),https://movie.douban.com/subject/3217165/
True,头文字D / 頭文字D/ 飘移族 / Initial D,https://movie.douban.com/subject/1329562/
True,无间道2 / 無間道II/ 无间道前传 / Infernal Affairs II,https://movie.douban.com/subject/1307106/
True,无间道 / 無間道/ Infernal Affairs / Mou gaan dou,https://movie.douban.com/subject/1307914/
True,破坏之王 / 破壞之王/ 古拳决战空手道 / Love on Delivery,https://movie.douban.com/subject/1299745/
True,独领风骚 / Clueless/ 叻女掌門人(港) / 倩女掌门人,https://movie.douban.com/subject/1295295/
True,伸冤人2 / The Equalizer 2/ 制裁特攻 / 私刑教育2(台),https://movie.douban.com/subject/26356631/
True,伸冤人 / The Equalizer/ 叛谍裁判(港) / 私刑教育(台),https://movie.douban.com/subject/3012013/
True,雅多维尔围城战 / The Siege of Jadotville/ 贾多特维尔围攻战 / Jadotville,https://movie.douban.com/subject/25953430/
True,妈妈咪呀2 / Mamma Mia! Here We Go Again/ 妈妈咪呀！2 / 妈妈咪呀！回来了(台),https://movie.douban.com/subject/27050259/
True,妈妈咪呀 / Mamma Mia!/ 妈妈咪呀！,https://movie.douban.com/subject/2054024/
True,热血警探 / Hot Fuzz/ 爆辣刑警(港) / 终棘警探(台),https://movie.douban.com/subject/1806555/
True,当哈利遇到莎莉 / When Harry Met Sally.../ 90男欢女爱 / 当哈利遇到萨莉,https://movie.douban.com/subject/1291842/
True,危险藏匿 / The Drop/ 落格风暴(港) / 钱藏凶机(台),https://movie.douban.com/subject/4301659/
True,火星救援 / The Martian/ 火星任务(港) / 绝地救援(台),https://movie.douban.com/subject/25864085/
True,劫匪 / The Highwaymen/ 辣手骑警(港) / 缉狂公路(台),https://movie.douban.com/subject/6538697/
True,三方国界 / Triple Frontier/ 三重边界(台) / 三重国境,https://movie.douban.com/subject/3927789/
True,野草莓 / Smultronstället/ Wild Strawberries,https://movie.douban.com/subject/1293071/
True,机智牢房生活 / 슬기로운 감빵생활/ 监狱手记 (港) / 监狱,https://movie.douban.com/subject/27081753/
True,侧耳倾听 / 耳をすませば/ 心之谷(台) / 梦幻街少女(港),https://movie.douban.com/subject/1297052/
True,黑暗侵袭 / The Descent/ 深入绝地(台) / 魔洞,https://movie.douban.com/subject/1437109/
True,门徒 / 門徒/ Protégé,https://movie.douban.com/subject/1890784/
True,婚姻故事 / Marriage Story,https://movie.douban.com/subject/27202818/
True,罗马 / Roma/ México '68,https://movie.douban.com/subject/1950330/
True,我心狂野 / Wild at Heart/ 野性的心(港) / 野性难驯,https://movie.douban.com/subject/1298974/
True,绿野仙踪 / The Wizard of Oz/ OZ国历险记 / Wizard of Oz,https://movie.douban.com/subject/1292625/
False,你是下一个 / You're Next/ 下一个就是你,https://movie.douban.com/subject/6128025/
False,穷富翁大作战 第一辑 / 窮富翁大作戰 第一輯/ Rich Mate Poor Mate Series,https://movie.douban.com/subject/24852539/
False,隔壁房间 / The Room Next Door/ 隔壁的房间(台) / 邻人之爱,https://movie.douban.com/subject/36687720/
False,初步举证 / National Theatre Live: Prima Facie/ 英国国家剧院现场：初步举证 / 初步证据,https://movie.douban.com/subject/35861791/
False,异国日记 / 違国日記/ 违国日记 / 他国日记,https://movie.douban.com/subject/36431957/
False,无节制消费的元凶 / The Men Who Made Us Spend/ 谁在引导我们消费,https://movie.douban.com/subject/25945379/
False,美国夫人 / Mrs. America/ 美国太太 / 美国女士,https://movie.douban.com/subject/30366454/
False,积奇玛莉 / 積奇瑪莉/ 积奇&玛莉 / 积奇玛丽,https://movie.douban.com/subject/3024059/
False,甜美的梦 / Sweet Dreams/ 热带的甜蜜(台) / 上流热带美梦(港),https://movie.douban.com/subject/36219463/
False,挑战 / Вызов/ 深空拯救者 / Challenge,https://movie.douban.com/subject/35579911/
False,浅坟 / Shallow Grave/ 同屋三分惊 / 魔鬼一族,https://movie.douban.com/subject/1296718/
False,笼民 / 籠民/ Cageman,https://movie.douban.com/subject/1306326/
False,战略特勤组 / Unthinkable/ 不可思议 / 拷问,https://movie.douban.com/subject/2275370/
False,不夜城 / 불야성/ Night Light / White Nights,https://movie.douban.com/subject/26873613/
False,八月：奥色治郡 / August: Osage County/ 八月心风暴(台) / 一个葬礼四个失礼(港),https://movie.douban.com/subject/3284397/
False,被投石处死的索拉雅·M / The Stoning of Soraya M./ 被投石处死的索拉雅·M,https://movie.douban.com/subject/3263472/
False,狂奔天涯 / Not Without My Daughter/ 狂奔天涯 / 母女情深,https://movie.douban.com/subject/1300443/
False,家宴 / Festen/ 家变！(港) / 那一个晚上(台),https://movie.douban.com/subject/1292908/
False,相敬如宾 / Älskande par/ Loving Couples,https://movie.douban.com/subject/1901993/
False,拆弹部队 / The Hurt Locker/ 拆弹雄心(港) / 危机倒数(台),https://movie.douban.com/subject/2028645/
False,薄荷苏打水 / Diabolo menthe/ Peppermint Soda,https://movie.douban.com/subject/1901678/
False,蒙娜丽莎的微笑 / Mona Lisa Smile/ 蒙罗丽莎的微笑,https://movie.douban.com/subject/1303010/
False,罪孽天使 / Heavenly Creatures/ 梦幻天堂(台) / 天堂造物,https://movie.douban.com/subject/1301716/
False,辣手回春/ Help!!!,https://movie.douban.com/subject/1307873/
False,与女人们的对话 / Conversations with Other Women/ 爱情交响曲(台) / 女人秘谈,https://movie.douban.com/subject/1472510/
False,两个只能活一个 / 兩個只能活一個/ The Odd One Dies,https://movie.douban.com/subject/1296623/
False,安娜玛德莲娜 / 安娜瑪德蓮娜/ 香港夜疯狂 / Anna Madelina,https://movie.douban.com/subject/1301974/
False,面子 / Saving Face/ 爱·面子,https://movie.douban.com/subject/1421278/
False,游园惊梦 / 遊園驚夢/ 满园春色香港版 / Peony Pavilion,https://movie.douban.com/subject/1304708/
False,美国女孩的秘密 / Kit Kittredge: An American Girl/ 凯特·基特里奇：一个美国女孩的秘史 / 小太阳的梦想,https://movie.douban.com/subject/2131399/
False,双姝奇缘 / 4 aventures de Reinette et Mirabelle/ 双姝奇遇 / 蕾妮和伊拉贝尔的四次冒险,https://movie.douban.com/subject/1421309/
False,下妻物语 / 下妻物語/ Kamikaze Girls / Shimotsuma monogatari,https://movie.douban.com/subject/1388175/
False,修女也疯狂 / Sister Act/ 修女也疯狂,https://movie.douban.com/subject/1301509/
False,"吉星拱照/ 吉星高照(台) / The Fun, the Luck, and the Tycoon",https://movie.douban.com/subject/1302443/
False,飞侠小白龙 / 飛俠小白龍/ 小白龙情海翻波 / The White Dragon,https://movie.douban.com/subject/1388219/
False,大腕/ Big Shot's Funeral,https://movie.douban.com/subject/1304022/
False,白色夹竹桃 / White Oleander/ 毒自美丽 / 苍茫岁月,https://movie.douban.com/subject/1300043/
False,自梳/ Intimates / Ji sor,https://movie.douban.com/subject/1304648/
False,结婚礼服 / 웨딩드레스/ 女儿的嫁衣(台) / 婚纱,https://movie.douban.com/subject/4230918/
False,干柴烈火 / 乾柴烈火/ 情系中药房 / 欢喜冤家,https://movie.douban.com/subject/1303674/
False,知法犯法/ 末路陷阱 / 惹祸上身,https://movie.douban.com/subject/1302812/
False,线人 / 綫人/ 证人2之线人 / Beast Stalker 2: Informant,https://movie.douban.com/subject/4133814/
False,咖喱辣椒/ Curry & Pepper / Curry and Pepper,https://movie.douban.com/subject/1301865/
False,"同流者 / Il conformista/ 随波逐流的人 / Conformiste, Le",https://movie.douban.com/subject/1300955/
False,继承 / Herencia/ 美味人生 / Inheritance,https://movie.douban.com/subject/1464885/
False,古今大战秦俑情 / 秦俑/ A Terra-Cotta Warrior,https://movie.douban.com/subject/1300082/
False,缆车之恋 / Gondola/ 贡多拉拉手(港),https://movie.douban.com/subject/35516457/
False,黑箱日记 / Black Box Diaries/ 黑箱日志(港) / Black Box Diaries,https://movie.douban.com/subject/36675987/
False,录影带谋杀案 / Videodrome/ 猛鬼勾魂 / Zonekiller,https://movie.douban.com/subject/1295276/
False,摇摆少女 / スウィングガールズ/ 喇叭书院(港) / 摇摆女孩(台),https://movie.douban.com/subject/1361254/
False,异次元骇客 / The Thirteenth Floor/ 十三度凶间 / 十三度凶兆,https://movie.douban.com/subject/1300282/
False,新宿事件/ Shinjuku Incident,https://movie.douban.com/subject/2209368/
False,宛如阿修罗 / 阿修羅のごとく/ 如阿修罗一般 / 阿修罗的孤独,https://movie.douban.com/subject/1292340/
False,真相至上 / Nothing But the Truth,https://movie.douban.com/subject/2335122/
False,秘密之丘 / 비밀의 언덕/ 秘密的坡道 / The Hill of Secrets,https://movie.douban.com/subject/35740348/
False,秋日奏鸣曲 / Höstsonaten/ 秋天奏鸣曲 / 秋光奏鸣曲,https://movie.douban.com/subject/1297268/
False,小城之春/ Springtime In a Small Town,https://movie.douban.com/subject/1301272/
False,浮云世事 / Kauas pilvet karkaavat/ 流云世事(台) / 流云,https://movie.douban.com/subject/1304749/
False,杀手 / The Killing/ 杀戮 / 致命,https://movie.douban.com/subject/1293936/
False,水与茴香 / Acqua e anice/ Olimpia’s Way,https://movie.douban.com/subject/36025410/
False,阿修罗 / 아수라/ 阿修罗－正邪顽杀(台) / Asura: The City of Madness,https://movie.douban.com/subject/26389331/
False,上流社会 / Society/ 上流社会 / 灵异出窍,https://movie.douban.com/subject/2265805/
False,时空线索 / Deja Vu/ 时凶感应(港) / 超时空效应,https://movie.douban.com/subject/1789283/
False,江湖告急/ 舞尽人生 / Jiang hu: The Triad Zone,https://movie.douban.com/subject/1308252/
False,地狱尖兵 / Лучшие в аду/ Luchshiye v adu / 地狱之最,https://movie.douban.com/subject/36118263/
False,海上花/ Flowers of Shanghai,https://movie.douban.com/subject/1303451/
False,女子警察的逆袭 / ハコヅメ ～たたかう！交番女子～/ 秘密內幕～战斗吧！派出所女子~ / 巡警勤务～女警的反击~,https://movie.douban.com/subject/35447242/
False,第十二夜 / Twelfth Night or What You Will/ 第十二夜 / 12夜心情,https://movie.douban.com/subject/1301697/
False,光，光，光 / Valoa valoa valoa/ Light Light Light,https://movie.douban.com/subject/35305645/
False,机智问答 / Quiz Show/ 幕后谎言 / 益智游戏,https://movie.douban.com/subject/1292759/
False,红色天空 / Roter Himmel/ 火灼的天空(港) / 野火蔓延时(台),https://movie.douban.com/subject/35221425/
False,核磁共振 / R.M.N./ 仇恨谜林(台) / 仇恨透视(港),https://movie.douban.com/subject/35699754/
False,极道恐怖大剧场 牛头 / 極道恐怖大劇場 牛頭/ 牛头 / Gozu,https://movie.douban.com/subject/1307866/
False,给朱丽叶的信 / Letters to Juliet/ 茱丽叶爱情信箱(港) / 致茱莉亚的信,https://movie.douban.com/subject/3346464/
False,居家男人 / The Family Man/ 梦里情缘 / 扭转奇迹,https://movie.douban.com/subject/1301886/
False,二见钟情 / While You Were Sleeping/ 暗恋你暗恋你(港) / 再见钟情,https://movie.douban.com/subject/1295899/
False,杀心慈母 / Serial Mom/ 疯狂杀手俏妈咪 / 杀心慈母,https://movie.douban.com/subject/1394220/
False,堕落 第一季 / The Fall Season 1/ 坠落,https://movie.douban.com/subject/10570197/
False,革命之间 / Între revoluții/ Between Revolutions / Intre revolutii,https://movie.douban.com/subject/35880615/
False,"你好，我是玛格丽特 / Are You There God? It's Me, Margaret./ 上帝在吗？我是玛格丽特 / It's Me, Margaret",https://movie.douban.com/subject/35367386/
False,勇士 / Warrior/ 勇者无敌(台) / 钢铁斗士(港),https://movie.douban.com/subject/3217169/
False,打工狂想曲/ A Modern Daydream / Gift from Heaven,https://movie.douban.com/subject/3211323/
False,"晚安，母亲 / 'night, Mother/ 女儿去死妈先知 / 晚安妈妈",https://movie.douban.com/subject/1295450/
False,耶路撒冷 / Jerusalema/ 黑帮天堂：耶路撒冷 / Jerusalem Entjha,https://movie.douban.com/subject/2978305/
False,玉熙的电影 / 옥희의 영화/ 玉熙的映画 / 玉姬的电影,https://movie.douban.com/subject/4910868/
False,留痕 第一季 / Traces Season 1/ 痕 / 痕迹,https://movie.douban.com/subject/34910555/
False,阿玛利亚别墅 / Villa Amalia/ 女人出走(台),https://movie.douban.com/subject/3444433/
False,冷酷祭典 / La cérémonie/ 仪式 / A Judgement in Stone,https://movie.douban.com/subject/1303463/
False,悬崖上的野餐 / Picnic at Hanging Rock/ 吊人岩的野餐 / 悬岩上的野餐,https://movie.douban.com/subject/1299539/
False,信笺故事 / The Tale,https://movie.douban.com/subject/26793852/
False,萨米之血 / Sameblod/ 萨米血缘 / Sami Blood,https://movie.douban.com/subject/26717494/
False,女演员们 / 여배우들/ 女演员 / Actresses,https://movie.douban.com/subject/2363879/
False,全职 / À plein temps/ 全速通勤 / 失速母亲(台),https://movie.douban.com/subject/35338562/
False,长脚女佣 / The Long Walk Home/ 漫漫归途,https://movie.douban.com/subject/1301507/
False,入学考试 / The Exam/ 指考风暴(台) / Zkouška,https://movie.douban.com/subject/35400639/
False,科帕卡巴纳 / Copacabana/ 科帕卡巴纳 / 波希米阿媽(港),https://movie.douban.com/subject/4093533/
False,大街上的商店 / Obchod na korze/ The Shop on Main Street,https://movie.douban.com/subject/1292830/
False,官方说法 / La historia oficial/ 烽火人间 / The Official Story,https://movie.douban.com/subject/1294479/
False,西尔薇回故乡 / Housekeeping/ 西比尔回故乡 / 管家,https://movie.douban.com/subject/1296348/
False,凶兆 / The Omen/ 天魔 / 凶兆,https://movie.douban.com/subject/1296360/
False,马耳他之鹰 / The Maltese Falcon/ 枭巢喋血战 / 群雄夺宝鹰,https://movie.douban.com/subject/1297874/
False,人与神 / Des hommes et des dieux/ 人神之间(港/台) / 神与人,https://movie.douban.com/subject/4307492/
False,死期将至 / Pora umierać/ Time to Die,https://movie.douban.com/subject/2983255/
False,永恒和一日 / Μία αιωνιότητα και μία μέρα/ 一生何求(港) / 永远的一天(台),https://movie.douban.com/subject/1293455/
False,飞跃情海 / Beyond the Sea/ 籍着歌声说爱你 / 飞跃海洋,https://movie.douban.com/subject/1309090/
False,甜蜜蜜/ Comrades: Almost a Love Story,https://movie.douban.com/subject/1305164/
